feature,xgb_importance
risk_index_scen_mean,0.20197285413742067
max_zone_density_scen_mean,0.1964021235704422
congestion_score_scen_mean,0.1911013662815094
battery_cv_scen_mean,0.12806344777345657
pack_utilization_scen_mean,0.0695531502366066
order_pressure_scen_std,0.06828715801239013
order_per_station_scen_mean,0.06600698828697205
layout_compactness,0.03179174214601517
zone_dispersion,0.024643107876181604
avg_items_per_order,0.02217804566025734
